display_name,stub,dropdown_parent
Home,/
Stories and Folklore,,
The World Tree,/worldtree.html,Stories and Folklore
Cenotes,/cenotes.html,Stories and Folklore
The Djinn Desert,/djinndesert.html,Stories and Folklore
The Bluestones,/bluestones.html,Stories and Folklore
The Baobab Tree,/baobab.html,Stories and Folklore
The Aokigahara Forest,/aokigahara.html,Stories and Folklore
The Devils Tower,/devilstower.html,Stories and Folklore
Lysa Hora,/lysahora.html,Stories and Folklore
Mount Vesuvius,/vesuvius.html,Stories and Folklore
The Aurora Borealis,/aurora.html,Stories and Folklore
The Ending,/ending.html,Stories and Folklore
Browse,/browse.html
Subjects,/subjects.html
Locations,/locations.html
Map,/map.html
Timeline,/timeline.html
Data,/data.html
Exhibit Layout,/exhibitlayout.html
About,/about.html
